Function;Pathways
X10.membered.enediyne.core.biosynthesis..malonyl.CoA....3.hydroxyhexadeca.4.6.8.10.12.14.hexaenoyl.ACP....10.membered.enediyne.core;2
X2.Oxocarboxylic.acid.chain.extension..2.oxoglutarate....2.oxoadipate....2.oxopimelate....2.oxosuberate;3
X3.6.Dimethylsalicylyl.CoA.biosynthesis..malonyl.CoA....6.methylsalicylate....3.6.dimethylsalicylyl.CoA;3
X3.Hydroxypropionate.bi.cycle;4
X9.membered.enediyne.core.biosynthesis..malonyl.CoA....3.hydroxyhexadeca.4.6.8.10.12.14.hexaenoyl.ACP....9.membered.enediyne.core;2
ADP.L.glycero.D.manno.heptose.biosynthesis;5
Abscisic.acid.biosynthesis..beta.carotene....abscisic.acid;6
Acarbose.biosynthesis..sedoheptulopyranose.7P....acarbose;8
Acetyl.CoA.pathway..CO2....acetyl.CoA;2
Acylglycerol.degradation;2
Adenine.ribonucleotide.biosynthesis..IMP....ADP.ATP;4
Anoxygenic.photosystem.I;1
Anoxygenic.photosystem.II;1
Anthranilate.degradation..anthranilate....catechol;1
Arginine.biosynthesis..glutamate....acetylcitrulline....arginine;7
Arginine.biosynthesis..ornithine....arginine;3
Ascorbate.biosynthesis..animals..glucose.1P....ascorbate;7
Ascorbate.biosynthesis..plants..glucose.6P....ascorbate;7
Ascorbate.degradation..ascorbate....D.xylulose.5P;5
Assimilatory.nitrate.reduction..nitrate....ammonia;2
Assimilatory.sulfate.reduction..sulfate....H2S;3
Aurachin.biosynthesis..anthranilate....aurachin.A;8
Avermectin.biosynthesis..2.methylbutanoyl.CoA.isobutyryl.CoA....6.8a.Seco.6.8a.deoxy.5.oxoavermectin.1a.1b.aglycone....avermectin.A1a.B1a.A1b.B1b;5
Bacillus.anthracis.pathogenicity.signature..anthrax.toxin;3
Bacillus.anthracis.pathogenicity.signature..polyglutamic.acid.capsule.biosynthesis;7
Bacilysin.biosynthesis..prephenate....bacilysin;6
Benzene.degradation..benzene....catechol;1
Benzene.toluene.degradation..benzene....catechol...toluene....3.methylcatechol;2
Benzoate.degradation..benzoate....catechol...methylbenzoate....methylcatechol;2
Benzoate.degradation..cyclohexanecarboxylic.acid...pimeloyl.CoA;5
Benzoyl.CoA.degradation..benzoyl.CoA....3.hydroxypimeloyl.CoA;4
Betaine.biosynthesis..choline....betaine;1
Bile.acid.biosynthesis..cholesterol....cholate.chenodeoxycholate;12
Biotin.biosynthesis..BioI.pathway..long.chain.acyl.ACP....pimeloyl.ACP....biotin;5
Biotin.biosynthesis..BioW.pathway..pimelate....pimeloyl.CoA....biotin;5
Biotin.biosynthesis..pimeloyl.ACP.CoA....biotin;3
Biphenyl.degradation..biphenyl....2.oxopent.4.enoate...benzoate;4
C.1027.benzoxazolinate.moiety.biosynthesis..chorismate....benzoxazolinyl.CoA;6
C.1027.beta.amino.acid.moiety.biosynthesis..tyrosine....3.chloro.4.5.dihydroxy.beta.phenylalanyl.PCP;5
C1.unit.interconversion..eukaryotes;2
C1.unit.interconversion..prokaryotes;3
C10.C20.isoprenoid.biosynthesis..archaea;2
C10.C20.isoprenoid.biosynthesis..bacteria;2
C10.C20.isoprenoid.biosynthesis..non.plant.eukaryotes;3
C10.C20.isoprenoid.biosynthesis..plants;4
C19.C18.Steroid.hormone.biosynthesis..pregnenolone....androstenedione....estrone;2
C21.Steroid.hormone.biosynthesis..progesterone....corticosterone.aldosterone;3
C21.Steroid.hormone.biosynthesis..progesterone....cortisol.cortisone;4
C4.dicarboxylic.acid.cycle..NAD...malic.enzyme.type;7
C4.dicarboxylic.acid.cycle..NADP...malic.enzyme.type;4
C4.dicarboxylic.acid.cycle..phosphoenolpyruvate.carboxykinase.type;4
C5.isoprenoid.biosynthesis..mevalonate.pathway;7
C5.isoprenoid.biosynthesis..mevalonate.pathway..archaea;6
C5.isoprenoid.biosynthesis..non.mevalonate.pathway;8
CAM..Crassulacean.acid.metabolism...dark;2
CAM..Crassulacean.acid.metabolism...light;2
CMP.KDO.biosynthesis;4
Calicheamicin.biosynthesis..calicheamicinone....calicheamicin;5
Calicheamicin.orsellinate.moiety.biosynthesis..malonyl.CoA....orsellinate.ACP....5.iodo.2.3.dimethoxyorsellinate.ACP;5
Carbapenem.resistance;1
Carbapenem.3.carboxylate.biosynthesis..pyrroline.5.carboxylate...malonyl.CoA....carbapenem.3.carboxylate;3
Carbazole.degradation..carbazole....2.oxopent.4.enoate...anthranilate;3
Castasterone.biosynthesis..campesterol....castasterone;6
Catechol.meta.cleavage..catechol....acetyl.CoA...4.methylcatechol....propanoyl.CoA;5
Catechol.ortho.cleavage..catechol....3.oxoadipate;4
Catecholamine.biosynthesis..tyrosine....dopamine....noradrenaline....adrenaline;4
Cationic.antimicrobial.peptide..CAMP..resistance..VraFG.transporter;3
Cationic.antimicrobial.peptide..CAMP..resistance..dltABCD.operon;3
Cationic.antimicrobial.peptide..CAMP..resistance..lysyl.phosphatidylglycerol..L.PG..synthase.MprF;3
Cationic.antimicrobial.peptide..CAMP..resistance..protease.PgtE;3
Cephamycin.C.biosynthesis..aminoadipate...cycteine...valine....cephamycin.C;8
Ceramide.biosynthesis;4
Chlortetracycline.biosynthesis..pretetramide....chlortetracycline;8
Cholecalciferol.biosynthesis;2
Cholesterol.biosynthesis..squalene.2.3.epoxide....cholesterol;10
Chondroitin.sulfate.degradation;4
Citrate.cycle..TCA.cycle..Krebs.cycle.;8
Citrate.cycle..first.carbon.oxidation..oxaloacetate....2.oxoglutarate;3
Citrate.cycle..second.carbon.oxidation..2.oxoglutarate....oxaloacetate;5
Clavaminate.biosynthesis..arginine...glyceraldehyde.3P....clavaminate;4
Cobalamin.biosynthesis..cobinamide....cobalamin;1
Coenzyme.A.biosynthesis..pantothenate....CoA;3
Coenzyme.F430.biosynthesis..sirohydrochlorin....coenzyme.F430;4
Coenzyme.M.biosynthesis;4
Complete.nitrification..comammox..ammonia....nitrite....nitrate;3
Conjugated.bile.acid.biosynthesis..cholate....taurocholate.glycocholate;2
Creatine.pathway;3
Cumate.degradation..p.cumate....2.oxopent.4.enoate...2.methylpropanoate;5
Cyanogenic.glycoside.biosynthesis..tyrosine....dhurrin;3
Cycloserine.biosynthesis..arginine.serine....cycloserine;4
Cymene.degradation..p.cymene....p.cumate;3
Cysteine.biosynthesis..homocysteine...serine....cysteine;2
Cysteine.biosynthesis..methionine....cysteine;6
Cysteine.biosynthesis..serine....cysteine;2
Cytochrome.aa3.600.menaquinol.oxidase;1
Cytochrome.b6f.complex;1
Cytochrome.bc1.complex;1
Cytochrome.bc1.complex.respiratory.unit;1
Cytochrome.bd.ubiquinol.oxidase;1
Cytochrome.c.oxidase;1
Cytochrome.c.oxidase..cbb3.type;1
Cytochrome.c.oxidase..prokaryotes;1
Cytochrome.o.ubiquinol.oxidase;1
D.Galacturonate.degradation..bacteria...D.galacturonate....pyruvate...D.glyceraldehyde.3P;5
D.Galacturonate.degradation..fungi...D.galacturonate....glycerol;4
D.Glucuronate.degradation..D.glucuronate....pyruvate...D.glyceraldehyde.3P;5
D.galactonate.degradation..De.Ley.Doudoroff.pathway..D.galactonate....glycerate.3P;5
DNA.polymerase.II.complex..archaea;1
DNA.polymerase.III.complex..bacteria;1
DNA.polymerase.alpha...primase.complex;1
DNA.polymerase.delta.complex;1
DNA.polymerase.epsilon.complex;1
DNA.polymerase.gamma.complex;1
DNA.polymerase.zeta.complex;1
Denitrification..nitrate....nitrogen;4
Dermatan.sulfate.degradation;6
Dicarboxylate.hydroxybutyrate.cycle;13
Dihydrokalafungin.biosynthesis..octaketide....dihydrokalafungin;4
Dissimilatory.nitrate.reduction..nitrate....ammonia;2
Dissimilatory.sulfate.reduction..sulfate....H2S;3
EHEC.pathogenicity.signature..Shiga.toxin;2
EHEC.EPEC.pathogenicity.signature..T3SS.and.effectors;8
ETEC.pathogenicity.signature..colonization.factors;5
ETEC.pathogenicity.signature..heat.labile.and.heat.stable.enterotoxins;2
Ectoine.biosynthesis..aspartate....ectoine;5
Elloramycin.biosynthesis..8.demethyltetracenomycin.C....elloramycin.A;5
Entner.Doudoroff.pathway..glucose.6P....glyceraldehyde.3P...pyruvate;4
Ergocalciferol.biosynthesis;5
Erythromycin.biosynthesis..propanoyl.CoA...methylmalonyl.CoA....deoxyerythronolide.B....erythromycin.A.B;6
Ethylene.biosynthesis..methionine....ethylene;3
Ethylmalonyl.pathway;3
F.type.ATPase..eukaryotes;1
F.type.ATPase..prokaryotes.and.chloroplasts;1
F420.biosynthesis;2
Fatty.acid.biosynthesis.in.mitochondria..animals;6
Fatty.acid.biosynthesis.in.mitochondria..fungi;6
Fatty.acid.biosynthesis..elongation;1
Fatty.acid.biosynthesis..initiation;1
Fatty.acid.elongation.in.endoplasmic.reticulum;3
Fatty.acid.elongation.in.mitochondria;3
Flavanone.biosynthesis..phenylalanine....naringenin;5
Flavonoid.biosynthesis..naringenin....pelargonidin;3
Formaldehyde.assimilation..ribulose.monophosphate.pathway;3
Formaldehyde.assimilation..serine.pathway;9
Formaldehyde.assimilation..xylulose.monophosphate.pathway;4
Fumarate.reductase..prokaryotes;1
Fumitremorgin.alkaloid.biosynthesis..tryptophan...proline....fumitremorgin.C.A;9
GABA..gamma.Aminobutyrate..shunt;3
GABA.biosynthesis..eukaryotes..putrescine....GABA;3
GABA.biosynthesis..prokaryotes..putrescine....GABA;4
GPI.anchor.biosynthesis..core.oligosaccharide;8
Galactose.degradation..Leloir.pathway..galactose....alpha.D.glucose.1P;4
Gluconeogenesis..oxaloacetate....fructose.6P;7
Glucosinolate.biosynthesis..tryptophan....glucobrassicin;5
Glucuronate.pathway..uronate.pathway.;8
Glutathione.biosynthesis..glutamate....glutathione;2
Glycogen.biosynthesis..glucose.1P....glycogen.starch;2
Glycogen.degradation..glycogen....glucose.6P;3
Glycolysis..Embden.Meyerhof.pathway...glucose....pyruvate;9
Glycolysis..core.module.involving.three.carbon.compounds;5
Glycosaminoglycan.biosynthesis..chondroitin.sulfate.backbone;2
Glycosaminoglycan.biosynthesis..heparan.sulfate.backbone;5
Glycosaminoglycan.biosynthesis..linkage.tetrasaccharide;4
Glycosphingolipid.biosynthesis..ganglio.series..LacCer....GT3;2
Glycosphingolipid.biosynthesis..globo.series..LacCer....Gb4Cer;2
Glycosphingolipid.biosynthesis..lacto.series..LacCer....Lc4Cer;2
Glycosphingolipid.biosynthesis..neolacto.series..LacCer....nLc4Cer;2
Glyoxylate.cycle;5
Guanine.ribonucleotide.biosynthesis.IMP....GDP.GTP;4
Helicobacter.pylori.pathogenicity.signature..cagA.pathogenicity.island;27
Heme.biosynthesis..animals.and.fungi..glycine....heme;8
Heme.biosynthesis..archaea..siroheme....heme;3
Heme.biosynthesis..plants.and.bacteria..glutamate....heme;10
Heparan.sulfate.degradation;9
Histidine.biosynthesis..PRPP....histidine;6
Histidine.degradation..histidine....N.formiminoglutamate....glutamate;4
Homoprotocatechuate.degradation..homoprotocatechuate....2.oxohept.3.enedioate;4
Hydroxypropionate.hydroxybutylate.cycle;14
Imipenem.resistance..repression.of.porin.OprD;2
Incomplete.reductive.citrate.cycle..acetyl.CoA....oxoglutarate;7
Inosine.monophosphate.biosynthesis..PRPP...glutamine....IMP;8
Inositol.phosphate.metabolism..Ins.1.3.4.P3....phytate;3
Inositol.phosphate.metabolism..Ins.1.3.4.5.P4....Ins.1.3.4.P3....myo.inositol;4
Inositol.phosphate.metabolism..PI...PIP2....Ins.1.4.5.P3....Ins.1.3.4.5.P4;4
Isoleucine.biosynthesis..pyruvate....2.oxobutanoate;3
Isoleucine.biosynthesis..threonine....2.oxobutanoate....isoleucine;5
Jasmonic.acid.biosynthesis;8
KDO2.lipid.A.biosynthesis..Raetz.pathway..LpxL.LpxM.type;9
KDO2.lipid.A.biosynthesis..Raetz.pathway..non.LpxL.LpxM.type;9
KDO2.lipid.A.modification.pathway;5
Kanosamine.biosynthesis..glucose.6.phosphate....kanosamine;3
Kedarcidin.2.aza.3.chloro.beta.tyrosine.moiety.biosynthesis..azatyrosine....2.aza.3.chloro.beta.tyrosyl.PCP;4
Kedarcidin.2.hydroxynaphthoate.moiety.biosynthesis..malonyl.CoA....3.6.8.trihydroxy.2.naphthoate....3.hydroxy.7.8.dimethoxy.6.isopropoxy.2.naphthoyl.CoA;5
Keratan.sulfate.degradation;5
Ketone.body.biosynthesis..acetyl.CoA....acetoacetate.3.hydroxybutyrate.acetone;1
L.threo.Tetrahydrobiopterin.biosynthesis..GTP....L.threo.BH4;3
Lactosylceramide.biosynthesis;2
Leucine.biosynthesis..2.oxoisovalerate....2.oxoisocaproate;3
Leucine.degradation..leucine....acetoacetate...acetyl.CoA;6
Lysine.biosynthesis..2.oxoglutarate....2.oxoadipate;3
Lysine.biosynthesis..AAA.pathway..2.oxoglutarate....2.aminoadipate....lysine;8
Lysine.biosynthesis..DAP.aminotransferase.pathway..aspartate....lysine;7
Lysine.biosynthesis..DAP.dehydrogenase.pathway..aspartate....lysine;6
Lysine.biosynthesis..acetyl.DAP.pathway..aspartate....lysine;9
Lysine.biosynthesis..mediated.by.LysW..2.aminoadipate....lysine;5
Lysine.biosynthesis..succinyl.DAP.pathway..aspartate....lysine;9
Lysine.degradation..lysine....saccharopine....acetoacetyl.CoA;6
Maduropeptin.beta.hydroxy.acid.moiety.biosynthesis..tyrosine....3..4.hydroxyphenyl..3.oxopropanoyl.PCP;3
Malonate.semialdehyde.pathway..propanoyl.CoA....acetyl.CoA;5
Melatonin.biosynthesis..tryptophan....serotonin....melatonin;4
Menaquinone.biosynthesis..chorismate....menaquinol;6
Methane.oxidation..methanotroph..methane....formaldehyde;2
Methanogenesis..CO2....methane;8
Methanogenesis..acetate....methane;5
Methanogenesis..methanol....methane;3
Methanogenesis..methylamine.dimethylamine.trimethylamine....methane;4
Methicillin.resistance;3
Methionine.biosynthesis..apartate....homoserine....methionine;7
Methionine.degradation;4
Methionine.salvage.pathway;8
Methylaspartate.cycle;11
Mithramycin.biosynthesis..4.demethylpremithramycinone....mithramycin;8
Monolignol.biosynthesis..phenylalanine.tyrosine....monolignol;10
Multidrug.resistance..efflux.pump.AbcA;2
Multidrug.resistance..efflux.pump.AcrEF.TolC;2
Multidrug.resistance..efflux.pump.AdeABC;3
Multidrug.resistance..efflux.pump.BpeEF.OprC;2
Multidrug.resistance..efflux.pump.MdtEF.TolC;2
Multidrug.resistance..efflux.pump.MepA;2
Multidrug.resistance..efflux.pump.MexAB.OprM;2
Multidrug.resistance..efflux.pump.MexCD.OprJ;2
Multidrug.resistance..efflux.pump.MexEF.OprN;2
Multidrug.resistance..efflux.pump.MexJK.OprM;2
Multidrug.resistance..efflux.pump.MexPQ.OpmE;3
Multidrug.resistance..efflux.pump.MexXY.OprM;2
Multidrug.resistance..efflux.pump.NorB;2
Multidrug.resistance..efflux.pump.QacA;2
Multidrug.resistance..repression.of.porin.OmpF;3
N.glycan.biosynthesis..complex.type;3
N.glycan.biosynthesis..high.mannose.type;6
N.glycan.precursor.biosynthesis;13
N.glycan.precursor.trimming;3
N.glycosylation.by.oligosaccharyltransferase;1
NAD.biosynthesis..aspartate....NAD;5
NAD.P.H.quinone.oxidoreductase..chloroplasts.and.cyanobacteria;1
NADH.dehydrogenase..ubiquinone..1.alpha.subcomplex;1
NADH.dehydrogenase..ubiquinone..1.beta.subcomplex;1
NADH.dehydrogenase..ubiquinone..Fe.S.protein.flavoprotein.complex..mitochondria;1
NADH.quinone.oxidoreductase..prokaryotes;1
NADH.ubiquinone.oxidoreductase..mitochondria;1
Naphthalene.degradation..naphthalene....salicylate;6
Neocarzinostatin.naphthoate.moiety.biosynthesis..malonyl.CoA....2.hydroxy.5.methyl.1.naphthoate....2.hydroxy.7.methoxy.5.methyl.1.naphthoyl.CoA;4
Nicotinate.degradation..nicotinate....fumarate;6
Nicotine.degradation..pyridine.pathway..nicotine....2.6.dihydroxypyridine.succinate.semialdehyde;3
Nicotine.degradation..pyrrolidine.pathway..nicotine....succinate.semialdehyde;4
Nitrate.assimilation;1
Nitrification..ammonia....nitrite;2
Nitrogen.fixation..nitrogen....ammonia;1
Nocardicin.A.biosynthesis..L.pHPG...arginine...serine....nocardicin.A;4
Nodulation;4
Nogalavinone.aklavinone.biosynthesis..deoxynogalonate.deoxyaklanonate....nogalavinone.aklavinone;4
Non.phosphorylative.Entner.Doudoroff.pathway..gluconate.galactonate....glycerate;3
Nucleotide.sugar.biosynthesis..galactose....UDP.galactose;2
Nucleotide.sugar.biosynthesis..glucose....UDP.glucose;3
O.glycan.biosynthesis..mannose.type..core.M3.;5
O.glycan.biosynthesis..mucin.type.core;4
Oleandomycin.biosynthesis..malonyl.CoA...methylmalonyl.CoA....8.8a.deoxyoleandolide....oleandomycin;5
Ornithine.biosynthesis..glutamate....ornithine;4
Ornithine.biosynthesis..mediated.by.LysW..glutamate....ornithine;5
PRPP.biosynthesis..ribose.5P....PRPP;1
Pantothenate.biosynthesis..valine.L.aspartate....pantothenate;1
Paspaline.biosynthesis..geranylgeranyl.PP...indoleglycerol.phosphate....paspaline;3
Pectin.degradation;3
Penicillin.biosynthesis..aminoadipate...cycteine...valine....penicillin;3
Pentalenolactone.biosynthesis..farnesyl.PP....pentalenolactone;8
Pentose.phosphate.pathway..Pentose.phosphate.cycle.;7
Pentose.phosphate.pathway..archaea..fructose.6P....ribose.5P;2
Pentose.phosphate.pathway..non.oxidative.phase..fructose.6P....ribose.5P;4
Pentose.phosphate.pathway..oxidative.phase..glucose.6P....ribulose.5P;2
Pertussis.pathogenicity.signature..T1SS;5
Pertussis.pathogenicity.signature..pertussis.toxin;5
Phenylalanine.biosynthesis..chorismate....phenylalanine;2
Phosphate.acetyltransferase.acetate.kinase.pathway..acetyl.CoA....acetate;2
Phosphatidylcholine..PC..biosynthesis..PE....PC;1
Phosphatidylcholine..PC..biosynthesis..choline....PC;3
Phosphatidylethanolamine..PE..biosynthesis..PA....PS....PE;3
Phosphatidylethanolamine..PE..biosynthesis..ethanolamine....PE;3
Photorespiration;1
Photosystem.I;1
Photosystem.II;1
Phthalate.degradation..phthalate....protocatechuate;3
Pikromycin.methymycin.biosynthesis..methylmalonyl.CoA...malonyl.CoA....narbonolide.10.deoxymethynolide....pikromycin.methymycin;4
Pimeloyl.ACP.biosynthesis..BioC.BioH.pathway..malonyl.ACP....pimeloyl.ACP;3
Polyamine.biosynthesis..arginine....agmatine....putrescine....spermidine;1
Polyamine.biosynthesis..arginine....ornithine....putrescine;2
Prodigiosin.biosynthesis..L.proline....prodigiosin;1
Proline.biosynthesis..glutamate....proline;2
Propanoyl.CoA.metabolism..propanoyl.CoA....succinyl.CoA;5
Purine.degradation..xanthine....urea;5
Pyocyanine.biosynthesis..chorismate....pyocyanine;7
Pyridoxal.biosynthesis..erythrose.4P....pyridoxal.5P;6
Pyrimidine.degradation..uracil....beta.alanine..thymine....3.aminoisobutanoate;3
Pyrimidine.deoxyribonuleotide.biosynthesis..CDP.CTP....dCDP.dCTP.dTDP.dTTP;8
Pyrimidine.ribonucleotide.biosynthesis..UMP....UDP.UTP.CDP.CTP;3
Pyrrolnitrin.biosynthesis..tryptophan....pyrrolnitrin;4
Pyruvate.oxidation..pyruvate....acetyl.CoA;1
RNA.polymerase.I..eukaryotes;1
RNA.polymerase.II..eukaryotes;1
RNA.polymerase.III..eukaryotes;1
RNA.polymerase..archaea;1
RNA.polymerase..bacteria;1
Rebeccamycin.biosynthesis..tryptophan....rebeccamycin;6
Reductive.acetyl.CoA.pathway..Wood.Ljungdahl.pathway.;7
Reductive.citrate.cycle..Arnon.Buchanan.cycle.;10
Reductive.pentose.phosphate.cycle..Calvin.cycle.;11
Reductive.pentose.phosphate.cycle..glyceraldehyde.3P....ribulose.5P;7
Reductive.pentose.phosphate.cycle..ribulose.5P....glyceraldehyde.3P;4
Riboflavin.biosynthesis..GTP....riboflavin.FMN.FAD;3
Ribosome..archaea;1
Ribosome..bacteria;1
Ribosome..eukaryotes;1
Salicylate.degradation..salicylate....gentisate;1
Salmonella.enterica.pathogenicity.signature..Vi.antigen;7
Salmonella.enterica.pathogenicity.signature..typhoid.toxin;4
Semi.phosphorylative.Entner.Doudoroff.pathway..gluconate....glycerate.3P;4
Semi.phosphorylative.Entner.Doudoroff.pathway..gluconate.galactonate....glycerate.3P;4
Serine.biosynthesis..glycerate.3P....serine;3
Shikimate.pathway..phosphoenolpyruvate...erythrose.4P....chorismate;4
Siroheme.biosynthesis..glutamate....siroheme;7
Sphingosine.biosynthesis;5
Sphingosine.degradation;2
Staphyloferrin.A.biosynthesis..L.ornithine....staphyloferrin.A;3
Staphyloferrin.B.biosynthesis..L.serine....staphyloferrin.B;7
Staurosporine.biosynthesis..tryptophan....staurosporine;7
Steroid.hormone.biosynthesis..cholesterol....prognenolone....progesterone;3
Succinate.dehydrogenase..ubiquinone.;1
Succinate.dehydrogenase..prokaryotes;1
Sulfoglycolipids.biosynthesis..ceramide.1.alkyl.2.acylglycerol....sulfatide.seminolipid;2
Terephthalate.degradation..terephthalate....3.4.dihydroxybenzoate;2
Terpentecin.biosynthesis..GGAP....terpentecin;2
Tetracenomycin.C.8.demethyltetracenomycin.C.biosynthesis..tetracenomycin.F2....tetracenomycin.C.8.demethyltetracenomycin.C;6
Tetracycline.resistance..efflux.pump.Tet38;2
Tetracycline.oxytetracycline.biosynthesis..pretetramide....tetracycline.oxytetracycline;7
Tetrahydrobiopterin.biosynthesis..GTP....BH4;3
Tetrahydrofolate.biosynthesis..GTP....THF;5
Tetrahydrofolate.biosynthesis..mediated.by.PTPS..GTP....THF;6
Tetrahydrofolate.biosynthesis..mediated.by.ribA.and.trpF..GTP....THF;7
Thiamine.biosynthesis..AIR....thiamine.P.thiamine.2P;2
Thiosulfate.oxidation.by.SOX.complex..thiosulfate....sulfate;1
Threonine.biosynthesis..aspartate....homoserine....threonine;5
Thyroid.hormone.biosynthesis..tyrosine....triiodothyronine.thyroxine;1
Tocopherol.tocotorienol.biosynthesis;4
Toluene.degradation..anaerobic..toluene....benzoyl.CoA;6
Toluene.degradation..toluene....benzoate;3
Trans.cinnamate.degradation..trans.cinnamate....acetyl.CoA;6
Trehalose.biosynthesis..D.glucose.1P....trehalose;6
Triacylglycerol.biosynthesis;4
Tryptophan.biosynthesis..chorismate....tryptophan;3
Tryptophan.metabolism..tryptophan....kynurenine....2.aminomuconate;7
Tylosin.biosynthesis..methylmalonyl.CoA...malonyl.CoA....tylactone....tylosin;8
Type.II.polyketide.backbone.biosynthesis..acyl.CoA...malonyl.CoA....polyketide;3
Tyrosine.biosynthesis..chorismate....tyrosine;2
Tyrosine.biosynthesis..prephanate....pretyrosine....tyrosine;2
Tyrosine.degradation..tyrosine....homogentisate;5
Ubiquinone.biosynthesis..eukaryotes..4.hydroxybenzoate....ubiquinone;6
Ubiquinone.biosynthesis..prokaryotes..chorismate....ubiquinone;9
Undecaprenylphosphate.alpha.L.Ara4N.biosynthesis..UDP.GlcA....undecaprenyl.phosphate.alpha.L.Ara4N;4
Undecylprodigiosin.biosynthesis..L.proline....undecylprodigiosin;1
Urea.cycle;5
Uridine.monophosphate.biosynthesis..glutamine....PRPP.....UMP;3
V.type.ATPase..eukaryotes;1
V.A.type.ATPase..prokaryotes;1
Validamycin.A.biosynthesis..sedoheptulopyranose.7P....validamycin.A;9
Valine.isoleucine.biosynthesis..pyruvate....valine...2.oxobutanoate....isoleucine;4
Vancomycin.resistance..D.Ala.D.Lac.type;2
Vancomycin.resistance..D.Ala.D.Ser.type;5
Vibrio.cholerae.pathogenicity.signature..cholera.toxins;6
Vibrio.cholerae.pathogenicity.signature..toxin.coregulated.pilus;14
Violacein.biosynthesis..tryptophan....violacein;4
Xanthomonas.spp..pathogenicity.signature..T3SS.and.effectors;8
Xylene.degradation..xylene....methylbenzoate;3
beta.Carotene.biosynthesis..GGAP....beta.carotene;6
beta.Lactam.resistance..Bla.system;3
beta.Oxidation;3
beta.Oxidation..acyl.CoA.synthesis;1
beta.Oxidation..peroxisome..VLCFA;3
beta.Oxidation..peroxisome..tri.dihydroxycholestanoyl.CoA....choloyl.chenodeoxycholoyl.CoA;3
dTDP.6.deoxy.D.allose.biosynthesis;2
dTDP.D.angolosamine.biosynthesis;4
dTDP.D.desosamine.biosynthesis;4
dTDP.D.forosamine.biosynthesis;5
dTDP.D.mycaminose.biosynthesis;3
dTDP.L.megosamine.biosynthesis;5
dTDP.L.mycarose.biosynthesis;5
dTDP.L.oleandrose.biosynthesis;5
dTDP.L.olivose.biosynthesis;4
dTDP.L.rhamnose.biosynthesis;4
dTDP.beta.L.noviose.biosynthesis;3
Complex.I..NAD.P.H.quinone.oxidoreductase..chloroplasts.and.cyanobacteria;11
Complex.I..NADH.dehydrogenase..ubiquinone..1.alpha.subcomplex;14
Complex.I..NADH.quinone.oxidoreductase..prokaryotes;14
Complex.II..Fumarate.reductase..prokaryotes;4
Complex.II..Succinate.dehydrogenase..ubiquinone.;4
Complex.II..Succinate.dehydrogenase..prokaryotes;4
Complex.III..Cytochrome.bc1.complex;10
Complex.III..Cytochrome.bc1.complex.respiratory.unit;3
Complex.III..Cytochrome.bd.ubiquinol.oxidase;3
Complex.IV.High.affinity..Cytochrome.bd.ubiquinol.oxidase;3
Complex.IV.High.affinity..Cytochrome.c.oxidase..cbb3.type;4
Complex.IV.Low.affinity..Cytochrome.aa3.600.menaquinol.oxidase;3
Complex.IV.Low.affinity..Cytochrome.c.oxidase;15
Complex.IV.Low.affinity..Cytochrome.c.oxidase..prokaryotes;3
Complex.IV.Low.affinity..Cytochrome.o.ubiquinol.oxidase;3
Complex.V..F.type.ATPase..eukaryotes;15
Complex.V..F.type.ATPase..prokaryotes.and.chloroplasts;8
Complex.V..V.type.ATPase..eukaryotes;13
Complex.V..V.A.type.ATPase..prokaryotes;9
CAZy..Alpha.galactans;1
CAZy..Alpha.mannan;1
CAZy..Amorphous.Cellulose;1
CAZy..Arabinan;1
CAZy..Arabinose.cleavage;1
CAZy..Beta.galactan..pectic.galactan.;1
CAZy..Beta.mannan;1
CAZy..Chitin;1
CAZy..Crystalline.Cellulose;1
CAZy..Fucose.Cleavage;1
CAZy..Mixed.Linkage.glucans;1
CAZy..Mucin;1
CAZy..Pectin;1
CAZy..Polyphenolics;1
CAZy..Rhamnose.cleavage;1
CAZy..Starch;1
CAZy..Sulf.Polysachharides;1
CAZy..Xylans;1
CAZy..Xyloglucan;1
Methanogenesis.and.methanotrophy..Key.functional.gene;1
Methanogenesis.and.methanotrophy..acetate....methane..pt.1;1
Methanogenesis.and.methanotrophy..acetate....methane..pt.2;1
Methanogenesis.and.methanotrophy..acetate....methane..pt.3;1
Methanogenesis.and.methanotrophy..dimethylamine....monomethylamine;1
Methanogenesis.and.methanotrophy..methane....methanol..with.oxygen..mmo.;1
Methanogenesis.and.methanotrophy..methane....methanol..with.oxygen..pmo.;1
Methanogenesis.and.methanotrophy..methanol....methane;1
Methanogenesis.and.methanotrophy..monomethylamine....ammonia;1
Methanogenesis.and.methanotrophy..putative.but.not.defining.CO2....methane;1
Methanogenesis.and.methanotrophy..trimethylamine....dimethylamine;1
Nitrogen.metabolism..Bacterial..aerobic.specific..ammonia.oxidation;1
Nitrogen.metabolism..Bacterial..anaerobic.specific..ammonia.oxidation;1
Nitrogen.metabolism..Bacterial.Archaeal.ammonia.oxidation;1
Nitrogen.metabolism..Dissimilatory.nitrite.reduction.to.ammonia..DNRA.;1
Nitrogen.metabolism..Nitrogen.fixation.altennative;1
Nitrogen.metabolism..ammonia....nitrite;1
Nitrogen.metabolism..nitrate....nitrite;1
Nitrogen.metabolism..nitric.oxide....nitrous.oxide;1
Nitrogen.metabolism..nitrite....nitrate;1
Nitrogen.metabolism..nitrite....nitric.oxide;1
Nitrogen.metabolism..nitrogen....ammonia;1
Nitrogen.metabolism..nitrous.oxide....nitrogen;1
Other.Reductases..TMAO.reductase;1
Other.Reductases..arsenate.reduction..pt.1;1
Other.Reductases..arsenate.reduction..pt.2;1
Other.Reductases..mercury.reduction;1
Other.Reductases..selenate.Chlorate.reduction;1
Photosynthesis..Photosystem.I;1
Photosynthesis..Photosystem.II;1
SCFA.and.alcohol.conversions..Alcohol.production;1
SCFA.and.alcohol.conversions..Butyrate..pt.1;1
SCFA.and.alcohol.conversions..Butyrate..pt.2;1
SCFA.and.alcohol.conversions..Propionate..pt.1;1
SCFA.and.alcohol.conversions..Propionate..pt.2;1
SCFA.and.alcohol.conversions..acetate..pt.1;1
SCFA.and.alcohol.conversions..acetate..pt.2;1
SCFA.and.alcohol.conversions..acetate..pt.3;1
SCFA.and.alcohol.conversions..lactate.D;1
SCFA.and.alcohol.conversions..lactate.L;1
SCFA.and.alcohol.conversions..pyruvate....acetyl.CoA.v1;1
SCFA.and.alcohol.conversions..pyruvate....acetyl.CoA.v2;1
SCFA.and.alcohol.conversions..pyruvate....acetylCoA.f..formate.v3;1
Sulfur.metabolism..Thiosulfate.oxidation.by.SOX.complex..thiosulfate....sulfate;1
Sulfur.metabolism..dissimilatory.sulfate.reduction..and.oxidation..sulfate....sulfide;1
Sulfur.metabolism..tetrathionate....thiosulfate;1
Sulfur.metabolism..thiosulfate....sulfite;1
